{"frames":{"Mr. Pompador_moving0.png":{"frame":{"x":0,"y":0,"w":120,"h":120},"rotated":false,"trimmed":false,"spriteSourceSize":{"x":0,"y":0,"w":120,"h":120},"sourceSize":{"w":120,"h":120}},"Mr. Pompador_moving1.png":{"frame":{"x":120,"y":0,"w":120,"h":120},"rotated":false,"trimmed":false,"spriteSourceSize":{"x":0,"y":0,"w":120,"h":120},"sourceSize":{"w":120,"h":120}},"Mr. Pompador_moving2.png":{"frame":{"x":240,"y":0,"w":120,"h":120},"rotated":false,"trimmed":false,"spriteSourceSize":{"x":0,"y":0,"w":120,"h":120},"sourceSize":{"w":120,"h":120}},"Mr. Pompador_moving3.png":{"frame":{"x":360,"y":0,"w":120,"h":120},"rotated":false,"trimmed":false,"spriteSourceSize":{"x":0,"y":0,"w":120,"h":120},"sourceSize":{"w":120,"h":120}},"Mr. Pompador_moving4.png":{"frame":{"x":0,"y":120,"w":120,"h":120},"rotated":false,"trimmed":false,"spriteSourceSize":{"x":0,"y":0,"w":120,"h":120},"sourceSize":{"w":120,"h":120}},"Mr. Pompador_moving5.png":{"frame":{"x":120,"y":120,"w":120,"h":120},"rotated":false,"trimmed":false,"spriteSourceSize":{"x":0,"y":0,"w":120,"h":120},"sourceSize":{"w":120,"h":120}},"Mr. Pompador_moving6.png":{"frame":{"x":240,"y":120,"w":120,"h":120},"rotated":false,"trimmed":false,"spriteSourceSize":{"x":0,"y":0,"w":120,"h":120},"sourceSize":{"w":120,"h":120}},"Mr. Pompador_moving7.png":{"frame":{"x":360,"y":120,"w":120,"h":120},"rotated":false,"trimmed":false,"spriteSourceSize":{"x":0,"y":0,"w":120,"h":120},"sourceSize":{"w":120,"h":120}},"Mr. Pompador_moving8.png":{"frame":{"x":0,"y":240,"w":120,"h":120},"rotated":false,"trimmed":false,"spriteSourceSize":{"x":0,"y":0,"w":120,"h":120},"sourceSize":{"w":120,"h":120}},"Mr. Pompador_moving9.png":{"frame":{"x":120,"y":240,"w":120,"h":120},"rotated":false,"trimmed":false,"spriteSourceSize":{"x":0,"y":0,"w":120,"h":120},"sourceSize":{"w":120,"h":120}},"Mr. Pompador_moving10.png":{"frame":{"x":240,"y":240,"w":120,"h":120},"rotated":false,"trimmed":false,"spriteSourceSize":{"x":0,"y":0,"w":120,"h":120},"sourceSize":{"w":120,"h":120}},"Mr. Pompador_moving11.png":{"frame":{"x":360,"y":240,"w":120,"h":120},"rotated":false,"trimmed":false,"spriteSourceSize":{"x":0,"y":0,"w":120,"h":120},"sourceSize":{"w":120,"h":120}},"Mr. Pompador_moving12.png":{"frame":{"x":0,"y":360,"w":120,"h":120},"rotated":false,"trimmed":false,"spriteSourceSize":{"x":0,"y":0,"w":120,"h":120},"sourceSize":{"w":120,"h":120}},"Mr. Pompador_moving13.png":{"frame":{"x":120,"y":360,"w":120,"h":120},"rotated":false,"trimmed":false,"spriteSourceSize":{"x":0,"y":0,"w":120,"h":120},"sourceSize":{"w":120,"h":120}},"Mr. Pompador_moving14.png":{"frame":{"x":240,"y":360,"w":120,"h":120},"rotated":false,"trimmed":false,"spriteSourceSize":{"x":0,"y":0,"w":120,"h":120},"sourceSize":{"w":120,"h":120}}},"meta":{"app":"https://github.com/juliandescottes/piskel/","version":"1.0","image":"Mr. Pompador_moving.png","format":"RGBA8888","size":{"w":480,"h":480}}}