{"frames":{"Blue_gorilla_anim0.png":{"frame":{"x":0,"y":0,"w":120,"h":120},"rotated":false,"trimmed":false,"spriteSourceSize":{"x":0,"y":0,"w":120,"h":120},"sourceSize":{"w":120,"h":120}},"Blue_gorilla_anim1.png":{"frame":{"x":120,"y":0,"w":120,"h":120},"rotated":false,"trimmed":false,"spriteSourceSize":{"x":0,"y":0,"w":120,"h":120},"sourceSize":{"w":120,"h":120}},"Blue_gorilla_anim2.png":{"frame":{"x":240,"y":0,"w":120,"h":120},"rotated":false,"trimmed":false,"spriteSourceSize":{"x":0,"y":0,"w":120,"h":120},"sourceSize":{"w":120,"h":120}},"Blue_gorilla_anim3.png":{"frame":{"x":0,"y":120,"w":120,"h":120},"rotated":false,"trimmed":false,"spriteSourceSize":{"x":0,"y":0,"w":120,"h":120},"sourceSize":{"w":120,"h":120}},"Blue_gorilla_anim4.png":{"frame":{"x":120,"y":120,"w":120,"h":120},"rotated":false,"trimmed":false,"spriteSourceSize":{"x":0,"y":0,"w":120,"h":120},"sourceSize":{"w":120,"h":120}},"Blue_gorilla_anim5.png":{"frame":{"x":240,"y":120,"w":120,"h":120},"rotated":false,"trimmed":false,"spriteSourceSize":{"x":0,"y":0,"w":120,"h":120},"sourceSize":{"w":120,"h":120}},"Blue_gorilla_anim6.png":{"frame":{"x":0,"y":240,"w":120,"h":120},"rotated":false,"trimmed":false,"spriteSourceSize":{"x":0,"y":0,"w":120,"h":120},"sourceSize":{"w":120,"h":120}},"Blue_gorilla_anim7.png":{"frame":{"x":120,"y":240,"w":120,"h":120},"rotated":false,"trimmed":false,"spriteSourceSize":{"x":0,"y":0,"w":120,"h":120},"sourceSize":{"w":120,"h":120}},"Blue_gorilla_anim8.png":{"frame":{"x":240,"y":240,"w":120,"h":120},"rotated":false,"trimmed":false,"spriteSourceSize":{"x":0,"y":0,"w":120,"h":120},"sourceSize":{"w":120,"h":120}},"Blue_gorilla_anim9.png":{"frame":{"x":0,"y":360,"w":120,"h":120},"rotated":false,"trimmed":false,"spriteSourceSize":{"x":0,"y":0,"w":120,"h":120},"sourceSize":{"w":120,"h":120}},"Blue_gorilla_anim10.png":{"frame":{"x":120,"y":360,"w":120,"h":120},"rotated":false,"trimmed":false,"spriteSourceSize":{"x":0,"y":0,"w":120,"h":120},"sourceSize":{"w":120,"h":120}},"Blue_gorilla_anim11.png":{"frame":{"x":240,"y":360,"w":120,"h":120},"rotated":false,"trimmed":false,"spriteSourceSize":{"x":0,"y":0,"w":120,"h":120},"sourceSize":{"w":120,"h":120}}},"meta":{"app":"https://github.com/juliandescottes/piskel/","version":"1.0","image":"Blue_gorilla_anim.png","format":"RGBA8888","size":{"w":360,"h":480}}}