{"frames":{"Mr. Pompador_punch_anim 0.png":{"frame":{"x":0,"y":0,"w":120,"h":120},"rotated":false,"trimmed":false,"spriteSourceSize":{"x":0,"y":0,"w":120,"h":120},"sourceSize":{"w":120,"h":120}},"Mr. Pompador_punch_anim 1.png":{"frame":{"x":120,"y":0,"w":120,"h":120},"rotated":false,"trimmed":false,"spriteSourceSize":{"x":0,"y":0,"w":120,"h":120},"sourceSize":{"w":120,"h":120}},"Mr. Pompador_punch_anim 2.png":{"frame":{"x":0,"y":120,"w":120,"h":120},"rotated":false,"trimmed":false,"spriteSourceSize":{"x":0,"y":0,"w":120,"h":120},"sourceSize":{"w":120,"h":120}},"Mr. Pompador_punch_anim 3.png":{"frame":{"x":120,"y":120,"w":120,"h":120},"rotated":false,"trimmed":false,"spriteSourceSize":{"x":0,"y":0,"w":120,"h":120},"sourceSize":{"w":120,"h":120}},"Mr. Pompador_punch_anim 4.png":{"frame":{"x":0,"y":240,"w":120,"h":120},"rotated":false,"trimmed":false,"spriteSourceSize":{"x":0,"y":0,"w":120,"h":120},"sourceSize":{"w":120,"h":120}}},"meta":{"app":"https://github.com/juliandescottes/piskel/","version":"1.0","image":"Mr. Pompador_punch_anim .png","format":"RGBA8888","size":{"w":240,"h":360}}}